{
	"system" : {
		"platform" : "windows64",
		"os_name" : "Windows 10",
		"os_version" : "10.0"
	},
	"error" : {
		"executable" : "quartus_map",
		"comment" : "not_applicable",
		"error_message" : "Access Violation at 0X00007FFF8D52ED5E",
		"source_file" : "unknown",
		"line" : "0",
		"stack_trace" : "\t0x7fff8d52ed5d: db_hdbx + 0x1ed5d (?generate_dependencies@HDBX_READER@@AEAA_NPEAVHDBX_OBJECT@@W4HDBX_OBJECT_TYPE_ENUM@@@Z + 0x39d)\n\t0x7fff8d52e3f0: db_hdbx + 0x1e3f0 (?generate_assignments@HDBX_READER@@AEAA_NXZ + 0xbb0)\n\t0x7fff8d52f507: db_hdbx + 0x1f507 (?generate_hdb@HDBX_READER@@AEAA_NXZ + 0x107)\n\t0x7fff8d532775: db_hdbx + 0x22775 (?read_common@HDBX_READER@@AEAA_NXZ + 0x155)\n\t0x7fff8d515068: db_hdbx + 0x5068 (hdbx_drl_hdbx_read + 0x88)\n\t0x7ff691ae2dd4: quartus_map + 0x22dd4 (?write_qic_databases@QSYN_FRAMEWORK@@AEAA_N_N@Z + 0x514)\n\t0x7ff691ae1f34: quartus_map + 0x21f34 (?write_databases@QSYN_FRAMEWORK@@UEAA_N_N@Z + 0x114)\n\t0x7fffa5a31378: comp_qexe + 0x11378 (qexe_do_normal + 0x2a8)\n\t0x7fffa5a36142: comp_qexe + 0x16142 (qexe_run + 0x432)\n\t0x7fffa5a36e51: comp_qexe + 0x16e51 (?qexe_standard_main@@YAHPEAVQEXE_FRAMEWORK@@PEAPEBUQEXE_OPTION_DEFINITION@@HPEAPEBD@Z + 0xc1)\n\t0x7ff691adb07b: quartus_map + 0x1b07b (?qsyn_main@@YAHHPEAPEBD@Z + 0x51b)\n\t0x7fffa1fe2e98: CCL_MSG + 0x12e98 (?msg_main_thread@@YAPEAXPEAX@Z + 0x18)\n\t0x7fffa1fe467e: CCL_MSG + 0x1467e (?msg_thread_wrapper@@YAPEAXP6APEAXPEAX@Z0@Z + 0x6e)\n\t0x7fffa2ed6660: ccl_mem + 0x16660 (?mem_thread_wrapper@@YAPEAXP6APEAXPEAX@Z0@Z + 0x70)\n\t0x7fffa1fe2761: CCL_MSG + 0x12761 (?msg_exe_main@@YAHHPEAPEBDP6AHH0@Z@Z + 0xa1)\n\t0x7ff691ae9872: quartus_map + 0x29872 (__tmainCRTStartup + 0x10e)\n\t0x7fffd2a3257c: KERNEL32 + 0x1257c (BaseThreadInitThunk + 0x1c)\n\t0x7fffd4c0aa47: ntdll + 0x5aa47 (RtlUserThreadStart + 0x27)\n",
		"subsystem" : "unknown"
	},
	"quartus" : {
		"quartus_bits" : "64",
		"version" : "18.0.0",
		"build" : "614",
		"edition" : "Lite Edition"
	}
}